step,local_index,class_id,count,p_top1,q_top1,probe_top1,p_target_prob,q_target_prob,p_target_rank,q_target_rank,delta_logqp
500,0,0,10.0,0.0,0.0,0.0,0.000165914108923727,0.006317092827521265,76.8,71.9,9.426081562042237
500,1,10,7.0,0.0,0.0,0.0,0.0008547616068104803,0.012129738660795348,42.42857142857143,35.714285714285715,5.420127323695591
500,2,20,12.0,0.0,0.0,0.0,6.89273280803245e-05,0.009050945906589428,68.16666666666667,47.333333333333336,9.929675141970316
500,3,30,7.0,0.0,0.0,0.0,0.0007119530546160055,0.007873991903449808,46.714285714285715,61.42857142857143,6.548804896218436
500,4,40,7.0,0.0,0.0,0.0,0.001856480069318727,0.014431033549564225,38.0,30.285714285714285,5.95861908367702
500,5,50,6.0,0.16666666666666666,0.0,0.0,0.09923025112736521,0.00846841853732864,24.5,49.5,2.200727939605713
500,6,60,4.0,0.0,0.0,0.0,0.02888708929143391,0.008598547603469342,12.75,62.5,2.2598280906677246
500,7,70,3.0,0.0,0.0,0.0,0.012745514317752319,0.012442382673422495,27.666666666666668,27.333333333333332,4.6149693330128985
500,8,80,6.0,0.0,0.0,0.0,0.01843310729600489,0.00607880709382395,12.5,75.66666666666667,-0.6701567570368449
500,9,90,6.0,0.0,0.0,0.0,0.0005527281741706247,0.008289600955322385,45.5,58.833333333333336,3.495330254236857
500,10,100,4.0,0.0,0.0,0.0,0.00032227844349108636,0.009120705304667354,59.75,49.75,3.6911147832870483
500,11,110,8.0,0.125,0.0,0.0,0.08060285323152883,0.010432796931127086,26.125,43.375,1.1745505332946777
500,12,120,9.0,0.0,0.0,0.1111111111111111,0.00018500122078356988,0.009310054437567791,70.22222222222223,48.77777777777778,8.493042680952284
500,13,130,5.0,0.0,0.0,0.0,0.0003680378085846314,0.009007957112044097,41.2,52.8,3.7304012298583986
500,14,140,5.0,0.0,0.2,0.0,0.0018510865024183088,0.014362086541950703,42.4,35.2,6.571645355224609
500,15,150,3.0,0.0,0.0,0.0,0.0039312421771076815,0.017321612685918808,8.333333333333334,27.0,2.2612662315368652
500,16,160,8.0,0.0,0.0,0.0,0.0026944355581690616,0.01001612504478544,40.375,46.375,2.2108506858348846
500,17,170,9.0,0.0,0.0,0.0,7.316428608083474e-05,0.01137422827175922,66.11111111111111,45.77777777777778,7.867172929975721
500,18,180,7.0,0.0,0.0,0.0,5.7705406350448485e-05,0.007769028523138591,64.42857142857143,60.285714285714285,6.700258323124477
500,19,190,5.0,0.0,0.2,0.0,0.0007606996609865746,0.011732764169573784,41.2,47.8,4.787878465652466
500,20,200,9.0,0.0,0.1111111111111111,0.0,0.0016546443954022277,0.015956701710820198,29.77777777777778,32.666666666666664,5.2831100357903376
500,21,210,4.0,0.0,0.0,0.0,0.0010953625722223137,0.007864138460718095,43.25,61.0,4.29959237575531
500,22,220,10.0,0.0,0.0,0.0,0.0008068031433595025,0.012354750861413777,36.1,41.0,4.746929621696472
500,23,230,10.0,0.0,0.0,0.0,1.917065287613262e-05,0.013732061069458724,83.7,23.0,8.539392805099487
500,24,240,3.0,0.0,0.0,0.0,2.8331757694862365e-05,0.00816080765798688,76.66666666666667,55.666666666666664,7.339248975118001
500,25,250,4.0,0.0,0.0,0.0,0.0009128110109202225,0.00845220498740673,33.5,51.25,4.039662003517151
500,26,260,8.0,0.0,0.0,0.0,0.0009583194310813781,0.013949425047030672,57.0,40.25,5.185263097286224
500,27,270,3.0,0.0,0.0,0.0,0.0017561645266444732,0.011177977857490381,28.0,32.666666666666664,2.2117311159769693
500,28,280,9.0,0.0,0.0,0.0,0.004755726712927653,0.008725174107692309,19.11111111111111,53.55555555555556,3.0670421653323703
500,29,290,4.0,0.0,0.0,0.0,0.028268144635717363,0.010381718399003148,12.0,51.0,3.1308913230895996
500,30,300,8.0,0.0,0.0,0.0,0.00021425854879453254,0.013594148796983063,49.5,39.375,5.72065395116806
500,31,310,10.0,0.0,0.1,0.0,0.017538662547508466,0.013933497620746494,41.0,32.1,3.8881864309310914
500,32,320,5.0,0.0,0.0,0.0,0.009503700981622388,0.010886069107800721,29.2,44.8,3.25606107711792
500,33,330,8.0,0.125,0.0,0.0,0.0784028302300328,0.007484269328415394,8.0,62.125,-0.2571074366569519
500,34,340,4.0,0.0,0.0,0.0,4.524151177243141e-06,0.005680426373146474,89.0,74.5,9.566936254501343
500,35,350,9.0,0.0,0.0,0.0,0.0005163756027160263,0.0084087284695771,53.666666666666664,55.111111111111114,4.744870821634929
500,36,360,9.0,0.0,0.0,0.0,0.0009798198963994291,0.01092684830331968,38.77777777777778,44.111111111111114,5.196346256468031
500,37,370,9.0,0.0,0.0,0.0,0.0007624606650311863,0.009530400572758582,39.77777777777778,51.55555555555556,5.2805562019348145
500,38,380,5.0,0.0,0.0,0.0,0.0026063828301630563,0.012209353409707547,33.6,52.0,4.310321998596192
500,39,390,5.0,0.0,0.0,0.0,0.0008206234996672723,0.008578112814575434,61.6,62.2,5.2456074237823485
500,40,400,7.0,0.0,0.0,0.0,0.00031322811693306515,0.010812579787203245,48.142857142857146,39.142857142857146,4.627870968409947
500,41,410,3.0,0.0,0.0,0.0,0.001099247588122437,0.005306548749407132,48.666666666666664,81.0,9.905614535013834
500,42,420,5.0,0.0,0.0,0.0,0.0037753859211548503,0.009643359296023845,48.6,48.4,4.952663898468018
500,43,430,7.0,0.0,0.0,0.0,0.00029057799978824246,0.010872493697596448,53.857142857142854,46.42857142857143,6.254386288779123
500,44,440,5.0,0.0,0.0,0.0,5.009697467737162e-05,0.00803911229595542,59.4,56.6,8.626383972167968
500,45,450,12.0,0.16666666666666666,0.0,0.0,0.14865862385280101,0.007899607997387648,24.5,63.083333333333336,0.579853355884552
500,46,460,9.0,0.0,0.0,0.0,1.8555461530747332e-06,0.008074064118166765,98.55555555555556,56.333333333333336,11.702739609612358
500,47,470,6.0,0.0,0.0,0.0,0.003036047507824454,0.01274656062014401,37.833333333333336,34.166666666666664,2.9080154498418174
500,48,480,10.0,0.0,0.0,0.0,0.0009988655376218958,0.011448479956015944,54.8,41.8,4.2255600690841675
500,49,490,8.0,0.0,0.0,0.0,9.494253483399717e-05,0.012515974813140929,63.375,41.0,6.388469457626343
500,50,500,6.0,0.0,0.0,0.0,0.02035462519982249,0.010503386690591773,25.333333333333332,57.166666666666664,2.76977547009786
500,51,510,12.0,0.0,0.0,0.0,6.157523044928818e-05,0.007540147421726336,80.91666666666667,66.16666666666667,6.051402807235718
500,52,520,7.0,0.0,0.0,0.0,0.00023431337104641768,0.007994147882397686,73.0,60.285714285714285,5.760236331394741
500,53,530,6.0,0.0,0.0,0.0,0.005600366711708678,0.0061201590579003096,49.333333333333336,74.33333333333333,2.705277760823568
500,54,540,4.0,0.0,0.0,0.0,8.343721320580588e-06,0.009066949598491192,69.0,51.75,9.017481923103333
500,55,550,8.0,0.0,0.0,0.0,0.0014598341401057832,0.012995537254028022,60.625,38.125,9.45059084892273
500,56,560,10.0,0.0,0.0,0.0,0.0001537107699959961,0.006537662190385163,78.3,69.2,5.282167625427246
500,57,570,4.0,0.0,0.0,0.0,5.521011888932892e-05,0.0075674623949453235,87.5,60.75,10.819191336631775
500,58,580,7.0,0.0,0.0,0.0,0.0036763810324730783,0.010905027389526367,26.285714285714285,45.142857142857146,4.265374149594988
500,59,590,7.0,0.0,0.14285714285714285,0.0,0.00025211994583124967,0.015922509799046174,56.42857142857143,20.571428571428573,6.10579218183245
500,60,600,5.0,0.0,0.0,0.0,0.0012841436279563301,0.009199850354343652,57.6,54.6,5.572674179077149
500,61,610,7.0,0.0,0.0,0.0,0.00023889527957570472,0.010863160248845816,47.0,44.714285714285715,5.355436052594866
500,62,620,6.0,0.0,0.16666666666666666,0.0,0.0510860999272453,0.01733969842704634,15.333333333333334,50.333333333333336,5.26089874903361
500,63,630,5.0,0.0,0.2,0.0,0.00347673398682673,0.011427564546465874,30.2,57.0,1.8983028411865235
500,64,640,6.0,0.0,0.0,0.0,1.1322635771193745e-05,0.00550001161172986,80.83333333333333,77.83333333333333,7.359138170878093
500,65,650,5.0,0.0,0.0,0.0,0.008580272042503001,0.011349968612194061,39.0,35.8,5.763187980651855
500,66,660,6.0,0.0,0.0,0.0,0.0005643976685405505,0.009979252315436801,51.5,45.333333333333336,3.762206713358561
500,67,670,7.0,0.0,0.0,0.0,0.00018662941254613382,0.014275165407785348,66.71428571428571,25.428571428571427,7.5581287656511575
500,68,680,10.0,0.0,0.0,0.0,0.01325859183063953,0.007758396212011576,48.9,59.4,7.724163341522217
500,69,690,6.0,0.0,0.0,0.0,0.0005388964605202901,0.00816697635067006,46.0,59.0,8.142885287602743
500,70,700,11.0,0.0,0.0,0.0,0.013847123800046868,0.007753536613150077,59.63636363636363,60.72727272727273,8.784948652440852
500,71,710,4.0,0.0,0.0,0.0,8.800502286021583e-06,0.00975540152285248,78.25,45.75,7.552066922187805
500,72,720,8.0,0.0,0.0,0.0,0.006728630889533494,0.010720098740421236,69.0,52.375,9.908403307199478
500,73,730,4.0,0.0,0.0,0.0,3.752680848734258e-05,0.008804820361547172,83.25,54.0,6.762737154960632
500,74,740,6.0,0.0,0.0,0.0,0.0030008791298522888,0.012370955043782791,58.5,25.666666666666668,4.172655979792277
500,75,750,8.0,0.0,0.0,0.0,0.001792669756017773,0.011452728154836223,80.75,45.375,7.870906710624695
500,76,760,5.0,0.0,0.0,0.0,0.012448004283767489,0.01069166250526905,18.8,37.6,2.6820162296295167
500,77,770,6.0,0.0,0.0,0.0,7.847283993574668e-05,0.010559663797418276,60.0,46.833333333333336,7.056866725285848
500,78,780,6.0,0.0,0.0,0.0,9.771224494078042e-05,0.00859082858854284,81.5,55.5,8.04029655456543
500,79,790,3.0,0.0,0.0,0.0,7.395598355290171e-05,0.011951285103956858,69.33333333333333,32.333333333333336,9.278117497762045
500,80,800,7.0,0.0,0.0,0.0,0.000646194546922972,0.010796454202915941,59.42857142857143,39.42857142857143,7.520312036786761
500,81,810,7.0,0.0,0.14285714285714285,0.0,2.3913938550533332e-05,0.01305617718026042,83.28571428571429,41.57142857142857,7.482439177376883
500,82,820,11.0,0.0,0.0,0.0,5.4805728056832095e-05,0.007386302744800394,75.72727272727273,61.27272727272727,7.9777913960543545
500,83,830,2.0,0.0,0.0,0.0,0.057353985481086056,0.012323864735662937,35.5,37.5,2.4914220571517944
500,84,840,6.0,0.0,0.0,0.0,0.010780526796900091,0.010418236488476396,35.833333333333336,38.666666666666664,5.512238581975301
500,85,850,13.0,0.0,0.07692307692307693,0.0,0.0003932076308982547,0.014992498183766237,44.69230769230769,28.076923076923077,5.232370890103853
500,86,860,7.0,0.0,0.0,0.0,0.0004191211784558728,0.00788034571866904,70.71428571428571,58.0,11.174019881657191
500,87,870,11.0,0.0,0.0,0.0,5.5056696120358625e-05,0.009979077826508066,82.72727272727273,50.72727272727273,8.526153694499623
500,88,880,6.0,0.0,0.0,0.0,0.0012545171112315716,0.013328919109577933,64.5,29.5,9.491103132565817
500,89,890,5.0,0.0,0.0,0.0,0.00026469618242117574,0.0071432157419621944,48.2,63.0,4.502663898468017
500,90,900,8.0,0.0,0.0,0.0,3.8551089780014536e-05,0.00846032248227857,75.5,55.375,6.19156152009964
500,91,910,8.0,0.0,0.0,0.0,0.0002775408892413977,0.0074361469014547765,39.625,61.875,7.418086111545563
500,92,920,9.0,0.0,0.0,0.0,7.033802177937155e-05,0.008895171857956383,80.66666666666667,60.44444444444444,6.44724506802029
500,93,930,8.0,0.0,0.0,0.0,0.0030791740108834084,0.011873566079884768,50.75,37.375,6.161651581525803
500,94,940,6.0,0.0,0.0,0.0,0.0031795923047563215,0.011531734528640905,17.0,45.333333333333336,2.2116463581720986
500,95,950,5.0,0.0,0.0,0.0,0.010193812317447737,0.007532124128192663,23.8,60.0,1.2254193305969239
500,96,960,3.0,0.0,0.0,0.0,0.001026827361783944,0.006326913833618164,29.666666666666668,74.0,3.155602296193441
500,97,970,3.0,0.0,0.0,0.0,3.9811590773659866e-05,0.010360420681536198,77.66666666666667,38.0,9.980738957722982
500,98,980,4.0,0.0,0.0,0.0,0.0015271125594154,0.013098434777930379,27.75,29.25,3.397359251976013
500,99,990,9.0,0.0,0.0,0.0,0.0008992588875319175,0.009238123479816649,58.888888888888886,52.111111111111114,7.47892951965332
1000,0,0,43.0,0.0,0.0,0.0,3.001960163026611e-05,0.009150140805083305,80.37209302325581,56.7906976744186,9.635016862736192
1000,1,10,52.0,0.0,0.0,0.0,0.0029905601591275833,0.009418137613325737,74.28846153846153,51.86538461538461,9.633508521776934
1000,2,20,39.0,0.0,0.02564102564102564,0.0,0.00021067753459938,0.010715038909648474,68.94871794871794,44.333333333333336,7.87940003321721
1000,3,30,44.0,0.0,0.022727272727272728,0.0,0.0004561025060932776,0.010408103196162054,67.54545454545455,48.63636363636363,7.819366693496704
1000,4,40,52.0,0.0,0.019230769230769232,0.0,0.0005641664503302801,0.010504997375671966,53.63461538461539,44.19230769230769,5.21461623448592
1000,5,50,59.0,0.01694915254237288,0.05084745762711865,0.0,0.013685592821099088,0.011161463875797088,42.79661016949152,42.71186440677966,5.0942583407385875
1000,6,60,41.0,0.0,0.0,0.0,0.005297480470709277,0.009255053725366185,28.463414634146343,53.78048780487805,2.8836156333365093
1000,7,70,52.0,0.0,0.0,0.0,0.002802138624649002,0.008732625789259775,62.67307692307692,59.73076923076923,7.0471254128676195
1000,8,80,53.0,0.018867924528301886,0.0,0.0,0.021968944786905004,0.009968573750295449,21.18867924528302,50.471698113207545,2.3175306410159706
1000,9,90,34.0,0.029411764705882353,0.029411764705882353,0.0,0.027423319241174186,0.011998719111194505,61.411764705882355,36.470588235294116,7.8209117721108825
1000,10,100,39.0,0.0,0.02564102564102564,0.0,0.00015552260980528516,0.009348515068921141,57.92307692307692,53.92307692307692,5.726145279713166
1000,11,110,46.0,0.0,0.0,0.0,0.0004924542330763848,0.009416542552492541,70.26086956521739,55.54347826086956,8.251562989276389
1000,12,120,51.0,0.0,0.0,0.0,0.00012807163512312895,0.010248656380081586,83.05882352941177,48.372549019607845,9.906371200785918
1000,13,130,66.0,0.0,0.0,0.0,0.0005878341631162588,0.010561782817328067,55.89393939393939,44.45454545454545,6.060216993996591
1000,14,140,58.0,0.0,0.0,0.0,0.0005690681167459301,0.009577691667424193,51.275862068965516,52.793103448275865,5.448069535452744
1000,15,150,51.0,0.0196078431372549,0.0,0.0,0.027545493919295772,0.009528696053095307,10.372549019607844,52.15686274509804,0.7867703578051399
1000,16,160,51.0,0.0196078431372549,0.0196078431372549,0.0,0.018634514058313217,0.010762717127434764,39.21568627450981,48.03921568627451,4.025442735821593
1000,17,170,54.0,0.037037037037037035,0.018518518518518517,0.018518518518518517,0.030246269636576374,0.01143927889427653,49.333333333333336,44.05555555555556,4.869501837977657
1000,18,180,41.0,0.0,0.0,0.0,0.005373710375996939,0.009669491339747498,57.36585365853659,54.146341463414636,5.599293569239174
1000,19,190,61.0,0.01639344262295082,0.0,0.0,0.016853547570913598,0.009749393620085521,50.032786885245905,52.967213114754095,4.733109544535152
1000,20,200,45.0,0.044444444444444446,0.0,0.0,0.01640297991698516,0.009743729777013262,29.244444444444444,54.8,2.802073107825385
1000,21,210,38.0,0.0,0.02631578947368421,0.0,0.00385837178305169,0.009833758200616822,58.86842105263158,53.421052631578945,5.985666318943626
1000,22,220,37.0,0.0,0.0,0.0,0.02411918404094752,0.010298831671526705,38.62162162162162,49.432432432432435,3.816322983922185
1000,23,230,46.0,0.0,0.06521739130434782,0.0,0.004544159254736463,0.01058765156093337,79.3695652173913,51.97826086956522,8.589429166006004
1000,24,240,38.0,0.0,0.0,0.0,9.344436248833587e-05,0.008956268797383496,72.94736842105263,58.13157894736842,7.987964266224911
1000,25,250,49.0,0.0,0.0,0.0,0.0039068225376081445,0.009240441623010806,45.83673469387755,54.48979591836735,4.532166305853396
1000,26,260,47.0,0.0,0.0425531914893617,0.0,0.0017510952474917697,0.011275655495874743,54.38297872340426,43.297872340425535,6.163809471942009
1000,27,270,49.0,0.02040816326530612,0.0,0.0,0.01086474631503609,0.01076525575671421,39.857142857142854,49.30612244897959,4.19735675928544
1000,28,280,55.0,0.0,0.0,0.0,0.003168136685119446,0.009132923833517865,36.14545454545455,55.10909090909091,4.16452333276922
1000,29,290,45.0,0.06666666666666667,0.0,0.0,0.054911475105895766,0.00992721760024627,31.866666666666667,51.68888888888889,2.9929410722520617
1000,30,300,52.0,0.0,0.019230769230769232,0.0,0.00011767328382324885,0.012170120733431898,67.15384615384616,34.63461538461539,6.569539601986225
1000,31,310,42.0,0.0,0.0,0.0,0.0018375083370426209,0.009183860888394216,66.07142857142857,53.80952380952381,7.848808538346064
1000,32,320,44.0,0.0,0.0,0.0,0.00029120059118587177,0.00967693161642687,54.27272727272727,51.22727272727273,7.046592495658181
1000,33,330,53.0,0.05660377358490566,0.0,0.0,0.053769515513122576,0.009004033073993787,12.867924528301886,53.113207547169814,0.724750208404829
1000,34,340,45.0,0.0,0.0,0.0,2.3288838434542176e-05,0.009330574650731352,77.95555555555555,53.68888888888889,9.429870647854274
1000,35,350,48.0,0.0,0.020833333333333332,0.0,0.00021192882458440088,0.009088921312165136,60.5,56.1875,6.996971438328425
1000,36,360,42.0,0.0,0.0,0.0,0.001111601755104753,0.008968724869191647,71.4047619047619,55.714285714285715,9.032903801827203
1000,37,370,51.0,0.0,0.0196078431372549,0.0,0.005783038817690085,0.01337259584197811,64.74509803921569,37.254901960784316,7.90878132277844
1000,38,380,46.0,0.021739130434782608,0.021739130434782608,0.0,0.015038085691043802,0.00974305858835578,43.91304347826087,48.93478260869565,4.342481535413991
1000,39,390,50.0,0.0,0.02,0.0,0.0006409516370100114,0.009711768398992716,71.04,51.54,7.913576889038086
1000,40,400,49.0,0.04081632653061224,0.0,0.0,0.023591256785202786,0.010891933972966306,43.816326530612244,41.63265306122449,5.338687901594201
1000,41,410,69.0,0.014492753623188406,0.0,0.0,0.007557502224446172,0.010266345584819066,34.53623188405797,45.768115942028984,3.3921004205510235
1000,42,420,44.0,0.0,0.0,0.0,0.0009532449394595993,0.00938651126555421,46.25,54.09090909090909,5.768122673034668
1000,43,430,46.0,0.0,0.021739130434782608,0.0,0.0007531199801905982,0.010780261120880428,47.28260869565217,45.80434782608695,4.9303969092991045
1000,44,440,36.0,0.0,0.027777777777777776,0.0,0.00040723081534378567,0.00986517299639268,49.47222222222222,49.44444444444444,6.153432528177897
1000,45,450,39.0,0.20512820512820512,0.02564102564102564,0.02564102564102564,0.16332780327414828,0.010616633617199766,32.58974358974359,51.0,3.3344984543629184
1000,46,460,35.0,0.0,0.05714285714285714,0.0,8.337415993815116e-06,0.011214526909004366,88.48571428571428,44.628571428571426,10.41929292678833
1000,47,470,46.0,0.021739130434782608,0.0,0.0,0.015404714080263946,0.010792568214642613,28.97826086956522,44.06521739130435,3.1729935511298804
1000,48,480,65.0,0.015384615384615385,0.0,0.0,0.012409228688504727,0.009412521607457446,47.676923076923075,53.353846153846156,5.416974713252141
1000,49,490,37.0,0.0,0.0,0.0,0.000553286800919029,0.009806037754625888,65.67567567567568,51.108108108108105,7.4282982607145565
1000,50,500,55.0,0.01818181818181818,0.0,0.0,0.00873599565583964,0.00938820294527845,32.96363636363636,53.58181818181818,4.424544265053489
1000,51,510,48.0,0.0,0.0,0.0,7.455018721038338e-05,0.010467208495053152,72.35416666666667,44.25,7.430063198010127
1000,52,520,52.0,0.038461538461538464,0.09615384615384616,0.0,0.034887636609084755,0.012288106283029685,56.57692307692308,40.11538461538461,4.841170613582317
1000,53,530,48.0,0.020833333333333332,0.0,0.0,0.024949899471150703,0.009178234923941394,40.708333333333336,53.604166666666664,4.601377869645755
1000,54,540,48.0,0.0,0.0,0.0,0.0004807779053053669,0.011333296919474378,61.833333333333336,41.833333333333336,6.609773278236389
1000,55,550,50.0,0.0,0.0,0.0,0.0022352332680350175,0.011979649355635048,39.2,36.34,4.230084300041199
1000,56,560,41.0,0.0,0.0,0.024390243902439025,0.0014396213130331444,0.008891197506383789,66.82926829268293,55.51219512195122,6.731744271952931
1000,57,570,45.0,0.0,0.022222222222222223,0.0,0.0036277698485690543,0.011369670523951452,52.2,39.888888888888886,6.604686175452338
1000,58,580,39.0,0.02564102564102564,0.0,0.0,0.015602858024878357,0.009219291082655009,28.333333333333332,54.41025641025641,2.8632427606827173
1000,59,590,49.0,0.02040816326530612,0.0,0.0,0.024078749936095514,0.010678587381594948,43.857142857142854,47.63265306122449,4.873506521692081
1000,60,600,54.0,0.0,0.0,0.0,0.0055840477659788,0.009401426503986673,50.81481481481482,53.55555555555556,8.242543759169402
1000,61,610,58.0,0.0,0.017241379310344827,0.0,0.0007241367423062294,0.010142075134730288,40.43103448275862,48.189655172413794,4.167424234850653
1000,62,620,47.0,0.02127659574468085,0.0,0.0,0.022709163534427305,0.00951282579966999,20.51063829787234,52.8936170212766,2.1682844517078808
1000,63,630,59.0,0.01694915254237288,0.01694915254237288,0.0,0.009105947915985834,0.009222853940643243,30.593220338983052,56.83050847457627,3.765696602352595
1000,64,640,42.0,0.0,0.0,0.0,0.0006964028560955097,0.010237894176195065,61.57142857142857,44.095238095238095,7.246948253540766
1000,65,650,55.0,0.0,0.01818181818181818,0.0,0.0060682656126347335,0.010997762564908375,38.45454545454545,45.163636363636364,3.4228343226692894
1000,66,660,44.0,0.022727272727272728,0.0,0.0,0.016480503625164733,0.008987396727951074,35.04545454545455,55.88636363636363,4.206594927744432
1000,67,670,57.0,0.017543859649122806,0.03508771929824561,0.017543859649122806,0.012165700413764184,0.009807001627785595,52.85964912280702,51.85964912280702,5.904102354718928
1000,68,680,60.0,0.016666666666666666,0.0,0.0,0.014040202874823882,0.009528903604950756,39.71666666666667,53.666666666666664,4.196461768945058
1000,69,690,48.0,0.020833333333333332,0.0,0.0,0.008909155390669254,0.009919836894065762,40.020833333333336,55.020833333333336,3.6612843175729117
1000,70,700,36.0,0.0,0.027777777777777776,0.0,0.007640992499245769,0.01093150454107672,37.111111111111114,44.666666666666664,4.030110842651791
1000,71,710,41.0,0.024390243902439025,0.04878048780487805,0.0,0.015433794783798086,0.009726654800654547,43.853658536585364,55.68292682926829,5.258749362899036
1000,72,720,48.0,0.041666666666666664,0.041666666666666664,0.020833333333333332,0.025781849292371265,0.010290975629080398,57.166666666666664,49.3125,7.005814080437024
1000,73,730,54.0,0.018518518518518517,0.037037037037037035,0.0,0.016210003470789415,0.010275467160951209,57.611111111111114,50.44444444444444,6.139313176826194
1000,74,740,50.0,0.0,0.0,0.0,0.004887072462291159,0.0104868786316365,50.16,51.7,5.648729596138001
1000,75,750,54.0,0.0,0.0,0.0,3.438405362979861e-05,0.009247278234128046,77.01851851851852,54.18518518518518,8.451820002661812
1000,76,760,37.0,0.02702702702702703,0.02702702702702703,0.0,0.03174405882060222,0.01112395287113818,20.027027027027028,45.4054054054054,1.6527971899187244
1000,77,770,52.0,0.0,0.0,0.0,0.0006118348262594241,0.010059645999437915,53.44230769230769,51.36538461538461,5.4120528010221625
1000,78,780,55.0,0.0,0.0,0.0,5.839744551091698e-05,0.009976762025193734,68.45454545454545,47.30909090909091,7.384785322709517
1000,79,790,49.0,0.0,0.0,0.0,0.0016486079523480499,0.009619096564889257,45.12244897959184,53.38775510204081,4.910566038014937
1000,80,800,46.0,0.0,0.0,0.0,0.01283419315146006,0.010181474023620072,44.15217391304348,46.95652173913044,5.165684378665427
1000,81,810,53.0,0.0,0.0,0.0,0.0026349205690631232,0.009214348695680217,66.49056603773585,54.886792452830186,6.669672831049505
1000,82,820,45.0,0.0,0.0,0.0,0.0009407308011094894,0.009133346875508626,55.68888888888889,56.6,5.8509957419501415
1000,83,830,42.0,0.0,0.023809523809523808,0.0,0.006306545187462451,0.010107623213636023,42.142857142857146,47.666666666666664,4.058392729078021
1000,84,840,50.0,0.04,0.02,0.0,0.016042742201837257,0.010818214686587453,20.86,45.34,2.3381772661209106
1000,85,850,44.0,0.022727272727272728,0.06818181818181818,0.0,0.025773556131361695,0.012136839600068262,33.77272727272727,48.90909090909091,3.3709461092948914
1000,86,860,35.0,0.02857142857142857,0.0,0.05714285714285714,0.01668510439244453,0.010738132874082242,52.97142857142857,43.885714285714286,6.02631275994437
1000,87,870,49.0,0.0,0.0,0.0,0.009156845505330696,0.010684099181422166,55.61224489795919,46.6530612244898,6.371186728380164
1000,88,880,52.0,0.019230769230769232,0.0,0.0,0.011526563894989909,0.00835177664591286,48.23076923076923,61.59615384615385,4.8315526109475355
1000,89,890,48.0,0.0,0.0,0.0,0.0016588507271092141,0.010244505208296081,36.395833333333336,50.166666666666664,4.280447572469711
1000,90,900,45.0,0.0,0.0,0.0,0.00011382751419041092,0.008923930260870192,58.733333333333334,55.08888888888889,5.958329433865018
1000,91,910,45.0,0.0,0.0,0.0,0.005854365101457561,0.010269947960558865,41.06666666666667,50.48888888888889,4.555632125006782
1000,92,920,54.0,0.0,0.0,0.0,9.206337964319368e-05,0.00843767906297688,61.851851851851855,61.48148148148148,6.016431534731829
1000,93,930,46.0,0.0,0.0,0.0,0.0013303141513841376,0.010369631613645217,53.869565217391305,47.08695652173913,6.411055388657943
1000,94,940,50.0,0.0,0.0,0.0,0.01148385721459931,0.009631765754893423,23.14,48.58,3.1968111562728883
1000,95,950,43.0,0.023255813953488372,0.0,0.0,0.006619792563136858,0.011759925281715601,56.093023255813954,38.651162790697676,6.441168374793474
1000,96,960,48.0,0.0,0.0,0.0,0.0036946332365733144,0.009380965280191353,34.354166666666664,53.208333333333336,4.271312202016513
1000,97,970,51.0,0.0,0.0,0.0,6.329334379178663e-05,0.009575020540140424,82.3921568627451,50.588235294117645,8.958257413377948
1000,98,980,52.0,0.0,0.0,0.0,0.0009489317465149685,0.010253913360289656,41.09615384615385,47.19230769230769,5.224210551151862
1000,99,990,52.0,0.0,0.057692307692307696,0.0,0.0003645967155235897,0.011437469838151278,77.78846153846153,48.32692307692308,11.686051698831411
1500,0,0,55.0,0.0,0.03636363636363636,0.0,9.060199845997679e-05,0.010723689689554951,77.16363636363636,46.45454545454545,10.16697868867354
1500,1,10,43.0,0.023255813953488372,0.023255813953488372,0.023255813953488372,0.01478819610906686,0.010252982713715282,68.0,47.93023255813954,8.903239582860193
1500,2,20,50.0,0.0,0.0,0.0,0.0003688056480351252,0.009479422797448933,61.34,55.5,7.573941478729248
1500,3,30,53.0,0.0,0.018867924528301886,0.0,0.00499634656004297,0.010138779799541775,65.09433962264151,49.698113207547166,8.612730647033116
1500,4,40,57.0,0.0,0.0,0.0,0.00023550097804557493,0.009826313630726776,55.56140350877193,50.8421052631579,6.106222282376206
1500,5,50,48.0,0.0,0.0,0.0,0.0027817063731197136,0.009757316865337392,40.020833333333336,50.979166666666664,5.465825279553731
1500,6,60,52.0,0.019230769230769232,0.0,0.019230769230769232,0.019860670923074954,0.010049788621612467,32.5,51.92307692307692,5.094342598548303
1500,7,70,47.0,0.02127659574468085,0.0,0.02127659574468085,0.01560941341712254,0.010038844289931846,63.87234042553192,49.361702127659576,8.415531584557067
1500,8,80,48.0,0.041666666666666664,0.020833333333333332,0.0,0.026190420920720586,0.009768181102117524,20.354166666666668,54.0,3.0226979901393256
1500,9,90,46.0,0.0,0.0,0.0,0.0003291428413243492,0.010588159308890286,60.391304347826086,43.56521739130435,7.105118025904116
1500,10,100,52.0,0.0,0.0,0.0,0.006985360742489002,0.010958484320256572,44.05769230769231,40.71153846153846,5.20571134182123
1500,11,110,51.0,0.0,0.0,0.0,0.0023163226415051467,0.00864783517431979,60.09803921568628,61.549019607843135,6.965540890600167
1500,12,120,51.0,0.0,0.0392156862745098,0.0,0.0001949371074377505,0.010251791280347342,86.3921568627451,47.88235294117647,12.033478175892549
1500,13,130,37.0,0.0,0.0,0.0,0.000249934766294409,0.010504901623101654,48.810810810810814,44.810810810810814,6.534505289954108
1500,14,140,51.0,0.0392156862745098,0.0392156862745098,0.0,0.030309890754823664,0.010008105222939276,44.705882352941174,51.411764705882355,5.442158301671346
1500,15,150,45.0,0.022222222222222223,0.0,0.0,0.012564277158809192,0.009717300358331866,9.955555555555556,49.68888888888889,1.8280713240305582
1500,16,160,55.0,0.07272727272727272,0.01818181818181818,0.0,0.058949862489980895,0.01018610555170612,39.018181818181816,48.4,5.145489445599643
1500,17,170,39.0,0.02564102564102564,0.02564102564102564,0.0,0.021749487812779276,0.011629159371249186,31.564102564102566,37.666666666666664,3.5972584638840113
1500,18,180,48.0,0.020833333333333332,0.0625,0.0,0.016173633346110255,0.010344294336391613,59.75,51.395833333333336,6.989823465545972
1500,19,190,48.0,0.0,0.020833333333333332,0.0,0.006857720343245517,0.008994243539442929,50.916666666666664,60.5625,6.424174423019092
1500,20,200,48.0,0.0,0.0,0.0,0.006540450133905469,0.009016493335366249,22.583333333333332,56.9375,3.6256826321283975
1500,21,210,38.0,0.02631578947368421,0.0,0.0,0.012716799475191847,0.01034967415034771,52.31578947368421,48.973684210526315,5.8160027892966015
1500,22,220,36.0,0.027777777777777776,0.027777777777777776,0.027777777777777776,0.028480048447217868,0.009309525608033355,36.44444444444444,58.19444444444444,5.104242530133989
1500,23,230,43.0,0.046511627906976744,0.023255813953488372,0.023255813953488372,0.05183753384738109,0.010224657588053581,56.55813953488372,53.06976744186046,6.649431577948636
1500,24,240,50.0,0.0,0.0,0.0,0.004703492798291838,0.011085041370242833,51.08,40.14,5.97736394405365
1500,25,250,48.0,0.0,0.0,0.0,0.0028744458291387,0.01014593081587615,37.583333333333336,48.291666666666664,5.5976171145836515
1500,26,260,40.0,0.0,0.025,0.0,0.014370017343503757,0.01038891493808478,52.4,48.05,6.527344077825546
1500,27,270,51.0,0.0,0.0,0.0,0.0017204260289857716,0.009625097015397805,34.72549019607843,51.431372549019606,4.459737104528091
1500,28,280,44.0,0.0,0.0,0.0,0.0038377956202327564,0.00936130965022709,35.63636363636363,52.70454545454545,4.79624340209094
1500,29,290,44.0,0.0,0.0,0.0,0.0014186398509792688,0.00948376085778529,36.02272727272727,54.90909090909091,5.334498492154208
1500,30,300,47.0,0.0,0.0,0.0,0.00017196642695797463,0.009211854721875266,58.297872340425535,56.59574468085106,7.105603999279915
1500,31,310,47.0,0.0,0.0,0.0,0.004102277442154981,0.010782264173030853,62.8936170212766,47.255319148936174,8.461029595517097
1500,32,320,52.0,0.0,0.0,0.0,0.00018336560648853832,0.010626046255660744,56.67307692307692,48.59615384615385,6.79475056208097
1500,33,330,52.0,0.057692307692307696,0.0,0.0,0.03829438693298105,0.008797101649599006,19.307692307692307,61.30769230769231,2.9614954040600705
1500,34,340,55.0,0.0,0.0,0.0,3.7779408123945906e-05,0.009820451037111608,79.07272727272728,46.32727272727273,9.70193005475131
1500,35,350,46.0,0.0,0.0,0.021739130434782608,0.0042454592561019175,0.009965891909340153,53.80434782608695,53.23913043478261,7.427822792011758
1500,36,360,59.0,0.0,0.0,0.0,0.0016399370280392042,0.010256017163648443,59.08474576271186,49.067796610169495,8.120073100267831
1500,37,370,47.0,0.0,0.0,0.0,0.002269316223824464,0.009700706406952218,57.680851063829785,52.148936170212764,6.720207112900754
1500,38,380,46.0,0.0,0.0,0.021739130434782608,0.011063123475736758,0.009324768871959785,39.43478260869565,56.56521739130435,4.6090984966443935
1500,39,390,56.0,0.0,0.0,0.0,0.0010610627998124092,0.008950852364900388,69.14285714285714,61.05357142857143,8.115693407399315
1500,40,400,38.0,0.0,0.02631578947368421,0.0,0.00298778481349094,0.00981226763197858,53.68421052631579,53.63157894736842,8.341595888137817
1500,41,410,50.0,0.0,0.0,0.0,0.0054294932276629645,0.0103642182610929,39.02,46.2,5.069042921066284
1500,42,420,42.0,0.0,0.0,0.0,0.00048035356002651473,0.010485321316601974,57.333333333333336,46.357142857142854,8.395783038366408
1500,43,430,51.0,0.0,0.0,0.0,0.00027473528294282256,0.00983925772757799,45.294117647058826,51.92156862745098,5.79690678914388
1500,44,440,53.0,0.0,0.0,0.0,0.0032208771830516503,0.010624608771770069,45.509433962264154,44.339622641509436,6.392934263877149
1500,45,450,47.0,0.1276595744680851,0.0851063829787234,0.0,0.07959807138250088,0.012031182349520796,39.46808510638298,46.1063829787234,5.342221752126166
1500,46,460,49.0,0.0,0.02040816326530612,0.0,1.0801605626312355e-05,0.011200379969894278,87.87755102040816,41.06122448979592,12.544185443800323
1500,47,470,40.0,0.0,0.025,0.0,0.0012281449622284597,0.010805159958545118,34.15,43.975,5.802432876825333
1500,48,480,44.0,0.045454545454545456,0.0,0.022727272727272728,0.03518787369033663,0.009959095835008404,53.20454545454545,49.72727272727273,7.062824547290802
1500,49,490,46.0,0.0,0.0,0.0,0.00011440166648360315,0.009768888161963096,70.67391304347827,49.32608695652174,8.971120067264723
1500,50,500,41.0,0.0,0.0,0.0,0.004141429938936321,0.008798291872641662,29.21951219512195,60.58536585365854,4.564501209956844
1500,51,510,44.0,0.022727272727272728,0.045454545454545456,0.0,0.012415057016856506,0.01025192205667157,68.75,51.38636363636363,8.581602399999445
1500,52,520,42.0,0.023809523809523808,0.023809523809523808,0.023809523809523808,0.026061811557255177,0.010863863408476823,49.38095238095238,46.42857142857143,6.2227196125757125
1500,53,530,51.0,0.0,0.0,0.0,0.0033019207224881998,0.009246725050330746,43.411764705882355,56.21568627450981,6.284331952824312
1500,54,540,51.0,0.0,0.0,0.0,0.0008999626971224747,0.01005751785694384,59.23529411764706,47.68627450980392,8.024388490938673
1500,55,550,66.0,0.0,0.0,0.0,0.005070180137597712,0.010345401101265892,52.25757575757576,46.984848484848484,7.807886589657176
1500,56,560,45.0,0.0,0.044444444444444446,0.0,8.640367256598163e-05,0.010559099074453116,71.66666666666667,45.62222222222222,8.192138120863174
1500,57,570,43.0,0.0,0.0,0.0,0.0016935915407429321,0.009626171454180812,61.53488372093023,51.83720930232558,9.215008014856382
1500,58,580,56.0,0.0,0.0,0.0,0.005111515303891695,0.010547245345411025,27.357142857142858,47.482142857142854,5.241166800260544
1500,59,590,60.0,0.0,0.0,0.0,0.0013794851708645135,0.009313798990721505,51.35,55.233333333333334,6.367286956310272
1500,60,600,56.0,0.03571428571428571,0.0,0.0,0.02828208169222227,0.009506335743935779,61.089285714285715,52.660714285714285,11.204215935298375
1500,61,610,46.0,0.0,0.0,0.0,0.0013799885264989085,0.009416391546635525,40.34782608695652,54.91304347826087,5.336799663046132
1500,62,620,42.0,0.0,0.0,0.0,0.004368998074711282,0.009667473202127786,33.666666666666664,52.023809523809526,4.654078018097651
1500,63,630,52.0,0.0,0.0,0.0,0.0022811404178697784,0.010259442613460124,40.61538461538461,45.98076923076923,5.7219827862886286
1500,64,640,46.0,0.0,0.0,0.0,0.00016493613315874637,0.010513568226167041,59.97826086956522,45.71739130434783,6.715219881223596
1500,65,650,61.0,0.0,0.01639344262295082,0.0,0.0035651350384303237,0.00977063196573834,55.0655737704918,51.98360655737705,7.151681712416352
1500,66,660,38.0,0.0,0.02631578947368421,0.0,0.0051504004100955845,0.009465246982137231,41.18421052631579,58.0,5.99573844984958
1500,67,670,50.0,0.0,0.0,0.0,0.0034499721099488655,0.010284612327814103,58.96,45.9,7.401447105407715
1500,68,680,56.0,0.0,0.0,0.0,0.001062896329851197,0.009310196552957808,50.589285714285715,56.035714285714285,7.451230704784393
1500,69,690,51.0,0.0,0.0,0.0,0.007025093521113207,0.010078148450702429,42.01960784313726,48.19607843137255,5.785045750000897
1500,70,700,35.0,0.0,0.02857142857142857,0.0,0.007289993005211198,0.009279710559972695,37.857142857142854,59.82857142857143,5.03665943145752
1500,71,710,43.0,0.023255813953488372,0.046511627906976744,0.0,0.012594677016483457,0.009242923118087441,63.55813953488372,61.093023255813954,9.163324938264005
1500,72,720,59.0,0.06779661016949153,0.01694915254237288,0.03389830508474576,0.04622162257191668,0.011249729700512806,60.610169491525426,43.32203389830509,7.524895259889505
1500,73,730,43.0,0.0,0.0,0.0,0.0006399053913558859,0.009826770160607127,70.46511627906976,52.27906976744186,9.803027474602988
1500,74,740,54.0,0.0,0.0,0.0,0.0003549639517471375,0.00948115655100318,66.48148148148148,57.25925925925926,9.9874748300623
1500,75,750,60.0,0.0,0.0,0.0,0.00014486250803144446,0.009370184852741659,68.63333333333334,55.65,8.053110138575237
1500,76,760,59.0,0.0,0.01694915254237288,0.0,0.01896302965423059,0.010771005595955303,23.11864406779661,46.08474576271186,3.569951025106139
1500,77,770,41.0,0.0,0.024390243902439025,0.0,8.393745417722925e-05,0.008568054899891339,55.926829268292686,62.926829268292686,7.765870024518269
1500,78,780,42.0,0.0,0.0,0.0,0.003919866148793065,0.009940069035759993,66.92857142857143,50.92857142857143,7.055138383592878
1500,79,790,55.0,0.0,0.0,0.0,0.00033281148885581273,0.01094029825180769,47.09090909090909,43.90909090909091,5.809555001692338
1500,80,800,58.0,0.017241379310344827,0.0,0.017241379310344827,0.020367021431731375,0.009864336136600068,52.63793103448276,51.12068965517241,7.430726593938367
1500,81,810,40.0,0.0,0.025,0.0,8.560403580862019e-05,0.010596609360072761,76.025,47.55,9.4581968665123
1500,82,820,38.0,0.0,0.05263157894736842,0.0,0.0015793661335488651,0.010590791812558708,54.71052631578947,45.78947368421053,5.7858333273937825
1500,83,830,48.0,0.0,0.020833333333333332,0.0,0.005057712878120838,0.011830877929848308,43.6875,40.291666666666664,5.965004016955693
1500,84,840,51.0,0.0392156862745098,0.0196078431372549,0.0,0.012489124009685692,0.00998377503242855,30.92156862745098,50.8235294117647,5.072294239904366
1500,85,850,56.0,0.0,0.0,0.0,0.0006316943352490905,0.010954669601882674,36.482142857142854,43.57142857142857,4.516881329672677
1500,86,860,36.0,0.027777777777777776,0.0,0.027777777777777776,0.0341884986899785,0.009795355041407876,48.19444444444444,50.05555555555556,5.9614121251636085
1500,87,870,48.0,0.0,0.020833333333333332,0.0,0.0028436187479984366,0.009687499342059406,63.8125,51.708333333333336,8.920895715554556
1500,88,880,41.0,0.0,0.0,0.0,0.011951114258624357,0.01038510016188389,54.951219512195124,46.26829268292683,6.551061333679572
1500,89,890,44.0,0.022727272727272728,0.0,0.0,0.023811696614422565,0.010365612085231325,36.38636363636363,44.70454545454545,4.667966940186241
1500,90,900,57.0,0.0,0.0,0.0,0.0008002896299271521,0.00990685020785844,47.1578947368421,48.228070175438596,5.832490051001833
1500,91,910,33.0,0.0,0.0,0.0,0.0025950681495269614,0.00959775307582635,40.90909090909091,54.42424242424242,4.905166423682011
1500,92,920,58.0,0.0,0.017241379310344827,0.0,0.0009336996972034449,0.009841532807732964,46.44827586206897,52.275862068965516,6.0495873401904925
1500,93,930,60.0,0.016666666666666666,0.0,0.0,0.010815355302275427,0.010146754879194001,52.18333333333333,48.11666666666667,5.7432120124499
1500,94,940,49.0,0.0,0.0,0.0,0.010031439537452246,0.008948000128932146,27.163265306122447,60.08163265306123,3.105213904867367
1500,95,950,42.0,0.0,0.0,0.0,0.0002186288376696385,0.00955499517953112,53.80952380952381,53.023809523809526,6.489518392653692
1500,96,960,49.0,0.0,0.0,0.0,0.006101299761231126,0.009842801392458531,42.326530612244895,50.97959183673469,6.610978350347402
1500,97,970,42.0,0.0,0.023809523809523808,0.0,6.972349572340914e-05,0.009970978988955418,76.47619047619048,51.92857142857143,10.873902979351225
1500,98,980,51.0,0.0,0.0196078431372549,0.0,0.0008647329240705172,0.011484948461692707,39.294117647058826,38.450980392156865,5.353205348931107
1500,99,990,26.0,0.0,0.0,0.0,5.958913629080924e-06,0.0081478448298115,79.3076923076923,68.03846153846153,11.903022582714375
2000,0,0,46.0,0.0,0.0,0.0,0.0005032990897585311,0.008959394140654931,71.71739130434783,62.95652173913044,9.331371017124342
2000,1,10,47.0,0.02127659574468085,0.02127659574468085,0.0,0.01690659789352886,0.00972768074852672,69.42553191489361,54.93617021276596,10.11908224795727
2000,2,20,61.0,0.01639344262295082,0.03278688524590164,0.0,0.014348366062944866,0.0101174414539557,51.80327868852459,49.459016393442624,6.879345788330328
2000,3,30,59.0,0.0,0.0,0.0,0.00035671568062553365,0.01019477567209278,66.67796610169492,49.71186440677966,10.781486535476425
2000,4,40,52.0,0.0,0.0,0.0,0.0004524505402600819,0.009370717784174932,49.78846153846154,55.80769230769231,6.726837754249573
2000,5,50,47.0,0.0,0.0,0.0,0.0037741744150242788,0.009160148029393972,37.4468085106383,58.87234042553192,6.315513220239193
2000,6,60,59.0,0.0,0.0,0.0,0.014927160889245669,0.009294251595639576,22.915254237288135,57.40677966101695,3.544692698171583
2000,7,70,53.0,0.0,0.0,0.0,0.003451190527652924,0.008961580061125305,54.943396226415096,61.735849056603776,8.200167449015492
2000,8,80,44.0,0.022727272727272728,0.06818181818181818,0.0,0.030701575973937367,0.010430506769229065,20.65909090909091,48.27272727272727,3.6305072686888953
2000,9,90,46.0,0.0,0.0,0.0,0.003881235325021509,0.009701861058483306,66.8695652173913,53.30434782608695,9.397997394852016
2000,10,100,44.0,0.0,0.0,0.0,0.0004130841709615812,0.010459448253227905,39.5,43.52272727272727,5.954907536506653
2000,11,110,54.0,0.0,0.0,0.0,0.0011102346096218529,0.008773083583003393,56.2037037037037,62.129629629629626,7.858556738606206
2000,12,120,52.0,0.0,0.0,0.0,0.0006858399970338173,0.009382328117051376,76.88461538461539,56.34615384615385,11.333037866995884
2000,13,130,52.0,0.0,0.0,0.0,0.0006356930792540987,0.010622419712420266,48.17307692307692,40.82692307692308,6.401404747596154
2000,14,140,45.0,0.022222222222222223,0.022222222222222223,0.022222222222222223,0.02262205859425159,0.009365171825306284,34.644444444444446,58.13333333333333,4.640319395065307
2000,15,150,52.0,0.019230769230769232,0.0,0.0,0.030081843219861498,0.00968028421406276,10.038461538461538,52.55769230769231,2.2471639147171607
2000,16,160,37.0,0.05405405405405406,0.0,0.0,0.0429106383387333,0.010213945526629686,45.75675675675676,49.24324324324324,5.328963608355136
2000,17,170,51.0,0.0,0.0,0.0196078431372549,0.003806811366685583,0.009271923571313713,37.6078431372549,56.627450980392155,5.570699500102623
2000,18,180,49.0,0.0,0.04081632653061224,0.02040816326530612,0.0005838157720754854,0.010299265023548993,61.93877551020408,49.38775510204081,8.944065999011604
2000,19,190,41.0,0.024390243902439025,0.0,0.0,0.013668439313303749,0.009595919888830039,55.048780487804876,54.75609756097561,6.618443646082064
2000,20,200,36.0,0.027777777777777776,0.0,0.05555555555555555,0.020292560039294978,0.010307164798076782,26.416666666666668,47.333333333333336,3.66065471039878
2000,21,210,51.0,0.0,0.0196078431372549,0.0,0.006298462562374797,0.010157870110489573,53.76470588235294,47.1764705882353,7.102710695827708
2000,22,220,55.0,0.01818181818181818,0.01818181818181818,0.0,0.02475209998135162,0.009653785316781564,35.21818181818182,53.61818181818182,4.560171955282038
2000,23,230,44.0,0.022727272727272728,0.022727272727272728,0.022727272727272728,0.008144250506522644,0.010888709930110384,63.93181818181818,43.36363636363637,8.498537475412542
2000,24,240,46.0,0.021739130434782608,0.0,0.0,0.006799412297343969,0.010176524256720491,64.23913043478261,46.26086956521739,8.592116335163945
2000,25,250,46.0,0.021739130434782608,0.0,0.0,0.009136940469353797,0.010024298458238658,40.15217391304348,51.28260869565217,5.267386794090271
2000,26,260,47.0,0.0425531914893617,0.0,0.02127659574468085,0.03838932581651616,0.011009354649626829,64.14893617021276,42.148936170212764,8.887739739519484
2000,27,270,46.0,0.021739130434782608,0.10869565217391304,0.0,0.02359835067724135,0.011153443443143497,39.47826086956522,45.869565217391305,4.335819208103677
2000,28,280,63.0,0.0,0.0,0.0,0.00697354627496356,0.010992579502127474,38.317460317460316,39.682539682539684,5.268043968412611
2000,29,290,49.0,0.02040816326530612,0.0,0.0,0.014028658578037536,0.01013634016509263,49.673469387755105,46.0,7.347007109194386
2000,30,300,47.0,0.0,0.0,0.0,0.00013232614886616348,0.010220385166479553,51.02127659574468,47.659574468085104,7.790507164407284
2000,31,310,38.0,0.0,0.0,0.0,0.0003991563679064416,0.008820307183716642,68.34210526315789,65.05263157894737,9.126931027362222
2000,32,320,37.0,0.0,0.0,0.0,0.00036327500802518634,0.010616149124060129,47.24324324324324,42.891891891891895,6.823049583950558
2000,33,330,61.0,0.0,0.0,0.0,0.019427812104265786,0.00999698651282758,15.868852459016393,51.049180327868854,3.8046926553132105
2000,34,340,52.0,0.0,0.0,0.0,0.00013009677426756815,0.009580746884099565,75.82692307692308,52.98076923076923,10.995653189145601
2000,35,350,44.0,0.0,0.0,0.0,9.064271600929258e-05,0.009005814653143963,64.68181818181819,61.61363636363637,8.679283933206039
2000,36,360,61.0,0.01639344262295082,0.08196721311475409,0.01639344262295082,0.01683016037606759,0.010610766411132988,66.0,44.442622950819676,9.14075270637137
2000,37,370,46.0,0.0,0.0,0.0,0.00846449426146514,0.009825021180364749,59.45652173913044,52.891304347826086,9.067729851473933
2000,38,380,49.0,0.061224489795918366,0.0,0.02040816326530612,0.04905524946466989,0.009698128175674652,39.755102040816325,53.08163265306123,5.366260844833997
2000,39,390,55.0,0.0,0.01818181818181818,0.0,0.003359136656443934,0.008972478327764707,61.018181818181816,61.36363636363637,7.259516403891824
2000,40,400,41.0,0.0,0.0,0.0,0.0025778117787218307,0.0096173051562978,59.90243902439025,53.78048780487805,8.485035564841294
2000,41,410,55.0,0.0,0.0,0.0,0.007715205464392119,0.010091764031147416,45.872727272727275,49.163636363636364,6.595293084057895
2000,42,420,37.0,0.0,0.0,0.0,0.0005773493084504761,0.009196910264624937,65.67567567567568,60.45945945945946,9.906598696837554
2000,43,430,43.0,0.0,0.0,0.0,0.0008237013384542559,0.009290799985877996,38.325581395348834,59.02325581395349,6.26564516023148
2000,44,440,53.0,0.0,0.0,0.0,0.0012373684013842379,0.00978574571463297,48.905660377358494,51.867924528301884,8.192712073056203
2000,45,450,53.0,0.09433962264150944,0.0,0.03773584905660377,0.08448753703527684,0.008843793867612785,34.0188679245283,61.16981132075472,4.563977012094462
2000,46,460,53.0,0.0,0.0,0.0,0.00020706583474264175,0.009861646852684472,80.26415094339623,49.660377358490564,10.914989705355662
2000,47,470,41.0,0.0,0.0,0.0,0.005085908823434017,0.008971649051712053,32.02439024390244,60.073170731707314,4.564301996696286
2000,48,480,54.0,0.0,0.018518518518518517,0.018518518518518517,0.006854299047124269,0.009650532182099091,66.05555555555556,53.24074074074074,10.133321501590588
2000,49,490,35.0,0.0,0.0,0.0,0.00011414799206062938,0.010162756432379995,74.97142857142858,48.628571428571426,11.064580277034215
2000,50,500,61.0,0.0,0.0,0.0,0.0009873317195484073,0.010547666184482028,28.0,42.77049180327869,4.951748066261167
2000,51,510,56.0,0.0,0.0,0.0,0.00026763588099778726,0.009218784639545317,72.35714285714286,57.410714285714285,9.360460426126208
2000,52,520,39.0,0.0,0.02564102564102564,0.0,0.0009711612630961378,0.010028554246020623,47.87179487179487,51.205128205128204,7.218072909575242
2000,53,530,34.0,0.0,0.0,0.0,0.0008275025115518456,0.009125277372624944,49.55882352941177,59.294117647058826,6.4731367756338685
2000,54,540,43.0,0.023255813953488372,0.046511627906976744,0.0,0.02339664704056811,0.011103973583166683,61.627906976744185,37.093023255813954,9.044764341310014
2000,55,550,43.0,0.0,0.023255813953488372,0.0,0.006351278244147439,0.010294543774148752,44.0,47.04651162790697,5.9985909850098365
2000,56,560,37.0,0.0,0.0,0.0,0.00012006592829636874,0.009456966512811344,69.67567567567568,55.13513513513514,8.491692414154878
2000,57,570,50.0,0.0,0.02,0.0,0.000488641420275661,0.009930170942097902,71.2,52.74,10.096185307502747
2000,58,580,51.0,0.0,0.0,0.0,0.0018592878369199264,0.01019179891320128,26.627450980392158,48.490196078431374,4.399280234879138
2000,59,590,52.0,0.038461538461538464,0.0,0.0,0.013639035961967408,0.009270137928139705,47.15384615384615,58.40384615384615,6.848849021471464
2000,60,600,48.0,0.0,0.0,0.0,0.0013168130406042342,0.009716119316484159,73.5,54.291666666666664,14.925322324037552
2000,61,610,48.0,0.0,0.0,0.020833333333333332,0.003101592901671881,0.01007982097992984,36.916666666666664,46.229166666666664,5.149903719623883
2000,62,620,47.0,0.0,0.02127659574468085,0.0,0.008406449372438117,0.010404228708369935,33.744680851063826,46.51063829787234,5.217284780867557
2000,63,630,57.0,0.0,0.017543859649122806,0.0,0.0005414763939025669,0.009827468511566781,49.29824561403509,51.87719298245614,7.017937944646468
2000,64,640,57.0,0.0,0.0,0.0,0.00015723443130991293,0.009599046340506328,56.54385964912281,54.175438596491226,7.5545687926443
2000,65,650,44.0,0.0,0.0,0.0,0.004169146041328519,0.00985061584717848,50.20454545454545,52.54545454545455,7.523520350456238
2000,66,660,45.0,0.0,0.0,0.0,0.0012598382436307609,0.009110770943678088,44.6,58.955555555555556,7.547201008266873
2000,67,670,62.0,0.0,0.0,0.016129032258064516,0.00048600870591698135,0.009065209377196527,70.09677419354838,59.61290322580645,9.456760544930734
2000,68,680,58.0,0.0,0.0,0.0,0.004335520177375063,0.009902482836282459,52.91379310344828,52.93103448275862,7.592951811593155
2000,69,690,53.0,0.0,0.0,0.0,0.0013839523099399953,0.009680039653519415,47.716981132075475,53.716981132075475,7.182740004557483
2000,70,700,57.0,0.017543859649122806,0.017543859649122806,0.0,0.009413359793255728,0.0098945424491703,37.96491228070175,53.280701754385966,6.118142859977588
2000,71,710,45.0,0.0,0.044444444444444446,0.0,0.0036179393334454723,0.009867783853163321,63.93333333333333,54.44444444444444,8.241108518176608
2000,72,720,48.0,0.0,0.020833333333333332,0.0,0.007054322858891143,0.010403198675097277,71.375,51.916666666666664,10.677820975581804
2000,73,730,56.0,0.07142857142857142,0.0,0.0,0.05843678533703213,0.00967288761499471,61.42857142857143,52.857142857142854,8.07027292251587
2000,74,740,48.0,0.0,0.0,0.0,0.002653486639196082,0.010536855600851899,69.41666666666667,41.729166666666664,10.33202551305294
2000,75,750,52.0,0.0,0.0,0.0,2.34881025152267e-05,0.010782727434371527,73.51923076923077,40.55769230769231,10.194148953144367
2000,76,760,35.0,0.0,0.0,0.0,0.0086268108622689,0.00987785208438124,22.942857142857143,52.77142857142857,4.9922846385410855
2000,77,770,25.0,0.0,0.0,0.0,0.0002834128667879249,0.010329630356281996,46.52,47.2,7.559461154937744
2000,78,780,44.0,0.0,0.0,0.0,3.6961990371606096e-05,0.008749809804033826,65.47727272727273,62.68181818181818,10.517749407074668
2000,79,790,45.0,0.0,0.022222222222222223,0.0,0.00011991981705750077,0.011406897681040896,48.06666666666667,35.31111111111111,6.546581141153971
2000,80,800,47.0,0.0,0.0,0.02127659574468085,0.01007352108103906,0.010434865178738503,57.87234042553192,45.851063829787236,7.373640699589506
2000,81,810,47.0,0.0,0.0,0.0,0.00047296879537794335,0.010068935173702366,65.44680851063829,45.851063829787236,9.802048175892931
2000,82,820,39.0,0.0,0.0,0.0,0.002851544624033371,0.010385646257931605,50.97435897435897,47.76923076923077,7.8476812961774
2000,83,830,35.0,0.02857142857142857,0.0,0.0,0.02534589583647719,0.009070940169372729,50.57142857142857,59.22857142857143,7.142512151173183
2000,84,840,54.0,0.018518518518518517,0.0,0.018518518518518517,0.022546793608052215,0.009777777233264513,37.370370370370374,51.870370370370374,6.206360781634295
2000,85,850,38.0,0.0,0.02631578947368421,0.0,0.003908028898660143,0.011101161191043886,35.526315789473685,38.89473684210526,5.963991271822076
2000,86,860,67.0,0.014925373134328358,0.029850746268656716,0.0,0.01700137205703899,0.010315786317380062,56.92537313432836,48.3134328358209,7.609622250741987
2000,87,870,49.0,0.0,0.02040816326530612,0.0,0.010307525111542004,0.0096569225876307,66.48979591836735,54.755102040816325,8.797238272063586
2000,88,880,43.0,0.023255813953488372,0.023255813953488372,0.0,0.010094539771674554,0.011587172183533048,60.0,35.0,7.842722122059312
2000,89,890,40.0,0.025,0.0,0.0,0.023080080252740946,0.010366996540687979,42.325,44.975,5.197722947597503
2000,90,900,44.0,0.0,0.0,0.0,0.002169707099828899,0.009227417314171114,48.36363636363637,57.31818181818182,6.822063408114693
2000,91,910,48.0,0.0,0.020833333333333332,0.0,0.001739770592615453,0.010496019841715073,34.75,44.270833333333336,5.128518025080363
2000,92,920,57.0,0.0,0.0,0.0,0.00165460779485875,0.010202706382985701,44.666666666666664,44.578947368421055,7.026568655382123
2000,93,930,42.0,0.0,0.0,0.0,0.004318178473694427,0.00979964364142645,53.0,52.095238095238095,6.974979809352329
2000,94,940,65.0,0.03076923076923077,0.0,0.0,0.040161384008257764,0.01019764460193423,25.246153846153845,47.646153846153844,3.794668010564951
2000,95,950,51.0,0.0,0.0,0.0,0.00012845720225389119,0.010391116580542396,57.333333333333336,44.76470588235294,8.200307518828149
2000,96,960,44.0,0.022727272727272728,0.0,0.0,0.01903823725081083,0.010627777548506856,34.84090909090909,46.43181818181818,5.454122917218641
2000,97,970,46.0,0.0,0.021739130434782608,0.0,0.00045737257969796465,0.00953176013275009,80.58695652173913,56.97826086956522,10.560172910275666
2000,98,980,37.0,0.0,0.0,0.0,0.0018545222510993917,0.009643754493948576,31.7027027027027,52.5945945945946,5.397952820803668
2000,99,990,38.0,0.0,0.0,0.0,0.0018071120289127008,0.00820571197637994,74.52631578947368,69.0,11.230589013350638
2500,0,0,45.0,0.0,0.022222222222222223,0.0,4.528378967789496e-05,0.01050253709157308,73.91111111111111,46.93333333333333,11.373165056440566
2500,1,10,43.0,0.0,0.023255813953488372,0.0,0.0021500948197568466,0.009954057428119488,56.13953488372093,56.30232558139535,9.944525873938272
2500,2,20,47.0,0.0,0.0,0.0,0.0016669295437366529,0.010571186074075546,46.744680851063826,43.319148936170215,6.910346989936017
2500,3,30,56.0,0.0,0.0,0.0,0.001253216370271022,0.010761070472653955,62.785714285714285,37.839285714285715,8.644456429140908
2500,4,40,44.0,0.0,0.0,0.0,0.0004291786019291037,0.009685143405063585,50.06818181818182,54.93181818181818,7.066335905681957
2500,5,50,58.0,0.0,0.0,0.0,0.0031814515887473877,0.009739366335922787,38.39655172413793,54.258620689655174,7.776242753555035
2500,6,60,46.0,0.0,0.0,0.0,0.004804638664070813,0.010278749310047082,30.565217391304348,49.58695652173913,5.942169241283251
2500,7,70,40.0,0.0,0.0,0.0,0.0011544539624271277,0.009433090791571886,60.2,58.85,8.1736865401268
2500,8,80,52.0,0.0,0.0,0.0,0.010804368628305017,0.010084120888048066,20.5,47.80769230769231,4.988312689157633
2500,9,90,47.0,0.0,0.0,0.0,0.00010668292508118771,0.009414184670102722,63.38297872340426,56.42553191489362,8.894270521529178
2500,10,100,60.0,0.0,0.0,0.0,0.0005717408859567415,0.009979676113774379,38.416666666666664,49.333333333333336,6.153547573089599
2500,11,110,46.0,0.021739130434782608,0.0,0.0,0.01315616616597187,0.010457927108053927,55.69565217391305,43.47826086956522,7.3541223743687505
2500,12,120,50.0,0.0,0.0,0.0,0.005297503767914824,0.008916391776874661,75.8,65.12,11.490409545898437
2500,13,130,53.0,0.0,0.0,0.0,0.0007076971779938479,0.009662785971502089,50.471698113207545,55.132075471698116,8.446251356376791
2500,14,140,50.0,0.0,0.0,0.0,0.0020341562068850317,0.009780546389520169,43.42,52.32,6.316374115943908
2500,15,150,42.0,0.0,0.09523809523809523,0.0,0.011183387527317734,0.01082975589226754,12.619047619047619,44.023809523809526,3.2271176860446023
2500,16,160,58.0,0.017241379310344827,0.0,0.017241379310344827,0.03771192235271821,0.009664707206960383,41.1551724137931,57.41379310344828,5.687812007706741
2500,17,170,54.0,0.037037037037037035,0.0,0.018518518518518517,0.02748474343716782,0.009790004550099925,33.092592592592595,51.68518518518518,4.732272501345034
2500,18,180,59.0,0.01694915254237288,0.05084745762711865,0.0,0.012285080620940763,0.011312186015548847,53.0,40.59322033898305,7.09671439962872
2500,19,190,50.0,0.0,0.06,0.0,0.002267571376226513,0.011073550330474973,51.86,39.8,8.661412320137025
2500,20,200,32.0,0.03125,0.0,0.0,0.028689522970706732,0.010492266199435107,20.875,41.34375,3.1064570024609566
2500,21,210,45.0,0.0,0.06666666666666667,0.0,0.0034750062405758627,0.009227358508441183,64.42222222222222,62.71111111111111,8.013608842425876
2500,22,220,36.0,0.027777777777777776,0.05555555555555555,0.0,0.026450691348643546,0.010763014912501805,36.94444444444444,43.55555555555556,5.911691844463348
2500,23,230,43.0,0.0,0.0,0.0,0.0026654979105695713,0.008885212437531282,67.88372093023256,63.53488372093023,9.280545911123586
2500,24,240,41.0,0.0,0.024390243902439025,0.0,0.00014378647569530505,0.009745493735663774,62.390243902439025,53.53658536585366,7.76108027667534
2500,25,250,45.0,0.022222222222222223,0.0,0.022222222222222223,0.028148058930507567,0.008737847509069575,39.44444444444444,65.44444444444444,5.21833340326945
2500,26,260,56.0,0.017857142857142856,0.0,0.0,0.010021195973781748,0.009499288039348488,59.80357142857143,57.482142857142854,7.832659312656948
2500,27,270,38.0,0.0,0.07894736842105263,0.0,0.003007654602452659,0.009942764048709682,34.68421052631579,54.76315789473684,5.0266358852386475
2500,28,280,38.0,0.02631578947368421,0.0,0.0,0.021024822061156273,0.010868411878810116,36.73684210526316,41.78947368421053,5.05254750502737
2500,29,290,46.0,0.0,0.0,0.0,0.0007812878775698055,0.009974812137205963,45.73913043478261,48.97826086956522,6.294000978055208
2500,30,300,40.0,0.0,0.0,0.0,0.002392125767071049,0.009453103365376591,45.625,57.325,6.762808430194855
2500,31,310,56.0,0.0,0.0,0.0,0.0007012940586767224,0.010030490446037479,73.94642857142857,50.625,10.595637440681458
2500,32,320,50.0,0.0,0.14,0.0,0.00289159460364272,0.011078275116160512,48.06,41.84,6.535529985427856
2500,33,330,45.0,0.0,0.0,0.0,0.00840300096718578,0.010242025191999144,23.333333333333332,46.71111111111111,4.744297870000204
2500,34,340,44.0,0.0,0.022727272727272728,0.0,7.131210083604745e-05,0.00982552917081524,72.68181818181819,53.90909090909091,10.868234471841292
2500,35,350,51.0,0.0392156862745098,0.0,0.0,0.015768338225168793,0.009994179923452582,58.8235294117647,50.90196078431372,8.11375163115707
2500,36,360,53.0,0.0,0.0,0.0,0.0005568898759753957,0.009404431334433128,66.26415094339623,57.924528301886795,11.094556983911767
2500,37,370,51.0,0.0,0.0,0.0,0.0006217339248286719,0.009226913499992852,53.3921568627451,59.372549019607845,9.621841309117336
2500,38,380,48.0,0.041666666666666664,0.0,0.020833333333333332,0.05067238096124869,0.009768788741591075,33.6875,52.708333333333336,5.357879916826884
2500,39,390,66.0,0.015151515151515152,0.0,0.0,0.007365966500135387,0.010506652055703329,64.56060606060606,45.25757575757576,9.826155348257585
2500,40,400,56.0,0.0,0.0,0.0,0.002008213697778963,0.008719959786893534,60.42857142857143,66.83928571428571,9.177650008882795
2500,41,410,42.0,0.0,0.0,0.0,0.005206485045988527,0.0091789677140436,44.95238095238095,60.166666666666664,7.559934479849679
2500,42,420,40.0,0.0,0.025,0.0,0.0005282818024628646,0.010151201323606075,64.775,48.5,9.50466421842575
2500,43,430,61.0,0.0,0.0,0.0,0.0033290049704237496,0.009889947784850832,42.08196721311475,50.131147540983605,6.033124482045408
2500,44,440,48.0,0.020833333333333332,0.020833333333333332,0.0,0.02065369002500887,0.011183419090230018,45.979166666666664,34.145833333333336,7.753881275653839
2500,45,450,56.0,0.03571428571428571,0.017857142857142856,0.0,0.029727157350206018,0.009842114057391882,47.982142857142854,56.017857142857146,6.606826565095356
2500,46,460,45.0,0.0,0.0,0.022222222222222223,0.0002853014784706121,0.010299459513690736,78.68888888888888,46.733333333333334,11.636228487226699
2500,47,470,47.0,0.0,0.02127659574468085,0.0,0.0020469257526779493,0.010410438351174618,29.085106382978722,46.59574468085106,5.9596942739283785
2500,48,480,45.0,0.0,0.0,0.0,0.004440254985595482,0.010596146248281002,63.888888888888886,41.422222222222224,9.55420749452379
2500,49,490,54.0,0.0,0.037037037037037035,0.0,2.7744183295815904e-05,0.011542486527037842,70.9074074074074,38.0,11.947703485135678
2500,50,500,52.0,0.0,0.0,0.0,0.001604335995517527,0.010482518360591851,29.057692307692307,44.11538461538461,7.104584304186014
2500,51,510,33.0,0.030303030303030304,0.0,0.0,0.026514885392005614,0.009658891749991612,62.484848484848484,52.45454545454545,9.654069929411918
2500,52,520,46.0,0.0,0.021739130434782608,0.0,0.0004557014174614921,0.009675103492791886,51.84782608695652,54.91304347826087,6.712164132491402
2500,53,530,58.0,0.0,0.0,0.0,0.0014417358975954227,0.009915698287558967,51.08620689655172,49.327586206896555,7.525975021822699
2500,54,540,45.0,0.06666666666666667,0.0,0.022222222222222223,0.05891627426869305,0.009167259403814873,52.77777777777778,61.53333333333333,7.087248579661051
2500,55,550,64.0,0.015625,0.015625,0.0,0.017758520946612052,0.011362726268998813,45.328125,34.265625,7.10293946787715
2500,56,560,45.0,0.0,0.0,0.0,0.0002807497232266049,0.010851442606912719,65.57777777777778,42.044444444444444,10.225093332926432
2500,57,570,53.0,0.0,0.0,0.0,0.004008482762710519,0.01016369793247783,65.94339622641509,46.867924528301884,11.535028403660036
2500,58,580,53.0,0.0,0.0,0.0,0.004460251903941979,0.010286597403223222,24.452830188679247,44.56603773584906,5.338710429533473
2500,59,590,71.0,0.014084507042253521,0.0,0.0,0.008309925277435055,0.009905397288606201,50.563380281690144,50.46478873239437,8.265560872118238
2500,60,600,35.0,0.02857142857142857,0.0,0.0,0.029371980725370162,0.009676537197083234,61.77142857142857,54.457142857142856,10.864667701721192
2500,61,610,44.0,0.0,0.0,0.0,0.0051395699694035115,0.010128055508671836,34.75,49.47727272727273,6.6561137004332105
2500,62,620,38.0,0.0,0.0,0.0,0.003860444400274883,0.010915816957621198,34.18421052631579,36.60526315789474,5.691733830853512
2500,63,630,46.0,0.0,0.0,0.0,0.00045013309348069554,0.009462492540478706,47.69565217391305,55.91304347826087,6.52360577168672
2500,64,640,46.0,0.0,0.043478260869565216,0.0,0.0005946832191346978,0.011044959325100417,55.08695652173913,39.891304347826086,7.975150771763014
2500,65,650,60.0,0.0,0.0,0.0,0.0007014311204232696,0.009746888326480985,51.36666666666667,50.85,7.9504807154337565
2500,66,660,38.0,0.05263157894736842,0.0,0.0,0.043951695016839924,0.00937991589307785,37.89473684210526,58.078947368421055,6.113887887252004
2500,67,670,41.0,0.0,0.0,0.0,0.001399396972863545,0.008809300219049541,60.853658536585364,63.36585365853659,7.269961642055977
2500,68,680,45.0,0.044444444444444446,0.0,0.0,0.02033048533778209,0.010011644299245543,52.48888888888889,51.75555555555555,7.153623310724894
2500,69,690,36.0,0.0,0.0,0.0,0.005086843622215528,0.010827208442303041,41.861111111111114,40.5,6.354433688852522
2500,70,700,52.0,0.019230769230769232,0.0,0.0,0.00738554941001376,0.01080816568663487,37.13461538461539,37.46153846153846,5.655009086315449
2500,71,710,49.0,0.04081632653061224,0.04081632653061224,0.0,0.020187267350706018,0.010562369818514099,62.87755102040816,48.83673469387755,9.116657748514292
2500,72,720,32.0,0.03125,0.0,0.03125,0.03982414640459441,0.011048785614548251,63.4375,37.9375,8.517754592001438
2500,73,730,46.0,0.0,0.0,0.0,0.0012660564616073459,0.010151575926853262,67.52173913043478,54.93478260869565,9.284586248190507
2500,74,740,48.0,0.0,0.020833333333333332,0.0,0.0007281248938749554,0.010846635142418867,64.375,40.75,9.046869804461798
2500,75,750,55.0,0.0,0.0,0.0,2.7654807479438833e-05,0.009836541869762268,70.0,51.61818181818182,11.07336672002619
2500,76,760,48.0,0.020833333333333332,0.0,0.0,0.018701223791725802,0.010013241088017821,24.145833333333332,47.083333333333336,4.071036900083224
2500,77,770,49.0,0.0,0.0,0.0,0.00022346888536842202,0.010315553636803311,54.326530612244895,45.326530612244895,7.737306322370257
2500,78,780,48.0,0.0,0.041666666666666664,0.0,6.73298251386029e-05,0.01131398450039948,65.02083333333333,35.5,9.688020274043083
2500,79,790,40.0,0.0,0.0,0.0,0.00037228467488800005,0.010061754658818246,42.75,48.7,6.988859295845032
2500,80,800,52.0,0.0,0.0,0.0,0.005406678197429574,0.009818249588044217,56.65384615384615,50.65384615384615,8.380749807907986
2500,81,810,50.0,0.0,0.0,0.0,0.0006638577552948652,0.010019517429172993,64.68,48.44,10.241345481872559
2500,82,820,52.0,0.019230769230769232,0.0,0.0,0.01052388752181568,0.010207612371931855,56.0,45.30769230769231,8.059256516970121
2500,83,830,58.0,0.0,0.0,0.0,0.004283946787202195,0.009675227145760738,49.5,53.60344827586207,7.988147756149029
2500,84,840,38.0,0.02631578947368421,0.02631578947368421,0.0,0.007678436718028846,0.009313117467651242,43.23684210526316,61.921052631578945,7.414936636623583
2500,85,850,48.0,0.0,0.0,0.0,0.0002501855499070134,0.00886400334032563,43.041666666666664,63.5625,6.215093304713567
2500,86,860,51.0,0.0,0.0,0.0,0.004674652248827083,0.009755489672077637,56.0,52.15686274509804,9.307968448190127
2500,87,870,43.0,0.023255813953488372,0.0,0.0,0.02328376803387393,0.01052561579921911,70.46511627906976,41.0,10.464383413625319
2500,88,880,46.0,0.0,0.021739130434782608,0.0,0.0013833100010135313,0.009681604772239276,64.04347826086956,55.93478260869565,9.30669251213903
2500,89,890,54.0,0.018518518518518517,0.018518518518518517,0.0,0.008470025290936753,0.010653585195541382,34.46296296296296,42.092592592592595,6.207850005891588
2500,90,900,47.0,0.0,0.0,0.0,0.00022907108238297074,0.009986280770774217,46.87234042553192,49.638297872340424,6.407836203879499
2500,91,910,40.0,0.0,0.025,0.0,0.0024857640788350757,0.010810638382099568,34.325,41.7,5.95282610654831
2500,92,920,49.0,0.0,0.0,0.0,0.0001549915281173383,0.01015779567046129,47.244897959183675,46.0,7.539626734597342
2500,93,930,44.0,0.022727272727272728,0.0,0.0,0.01557405535984941,0.009797282305292108,57.54545454545455,52.34090909090909,8.8151771588759
2500,94,940,53.0,0.0,0.0,0.0,0.004142486157715339,0.01069918923290833,32.0377358490566,41.132075471698116,5.836201208942342
2500,95,950,51.0,0.0,0.0,0.0,7.581640802640874e-05,0.00983707238828727,57.254901960784316,51.470588235294116,7.923533093695547
2500,96,960,57.0,0.0,0.0,0.0,0.005814121690262924,0.00934518365548891,38.98245614035088,57.29824561403509,5.089589612525806
2500,97,970,45.0,0.0,0.0,0.0,6.705089085192961e-05,0.009283691251443491,79.86666666666666,57.111111111111114,11.987358241611057
2500,98,980,42.0,0.023809523809523808,0.023809523809523808,0.0,0.020869576777272962,0.01034376799084601,33.904761904761905,44.88095238095238,5.179012014752343
2500,99,990,46.0,0.021739130434782608,0.0,0.0,0.0076420622344823145,0.009542913297596186,80.15217391304348,55.71739130434783,15.233761808146602
